{
  "ticker": "CLNE",
  "task": "task1_3_k3",
  "k": 3,
  "horizon_metrics": [
    {
      "Day": 1,
      "MAE": 0.0782041922211647,
      "MAPE": 2.842782735824585
    },
    {
      "Day": 2,
      "MAE": 0.11060138791799545,
      "MAPE": 3.994304656982422
    },
    {
      "Day": 3,
      "MAE": 0.13460464775562286,
      "MAPE": 4.865387916564941
    }
  ],
  "avg_mae": 0.1078,
  "avg_mape": 3.9008
}