{
  "ticker": "JJSF",
  "task": "task1_3_k3",
  "k": 3,
  "horizon_metrics": [
    {
      "Day": 1,
      "MAE": 1.6220836639404297,
      "MAPE": 1.1996346712112427
    },
    {
      "Day": 2,
      "MAE": 2.2644619941711426,
      "MAPE": 1.6862170696258545
    },
    {
      "Day": 3,
      "MAE": 2.769150972366333,
      "MAPE": 2.070937395095825
    }
  ],
  "avg_mae": 2.2186,
  "avg_mape": 1.6523
}