{
  "ticker": "PHI",
  "task": "task1_3_k3",
  "k": 3,
  "horizon_metrics": [
    {
      "Day": 1,
      "MAE": 0.26367315649986267,
      "MAPE": 1.143472671508789
    },
    {
      "Day": 2,
      "MAE": 0.3762321174144745,
      "MAPE": 1.6318131685256958
    },
    {
      "Day": 3,
      "MAE": 0.4619629979133606,
      "MAPE": 2.002744436264038
    }
  ],
  "avg_mae": 0.3673,
  "avg_mape": 1.5927
}