{
  "ticker": "MNST",
  "task": "task1_3_k3",
  "k": 3,
  "horizon_metrics": [
    {
      "Day": 1,
      "MAE": 0.58371901512146,
      "MAPE": 1.004561185836792
    },
    {
      "Day": 2,
      "MAE": 0.824053943157196,
      "MAPE": 1.417493462562561
    },
    {
      "Day": 3,
      "MAE": 1.024019479751587,
      "MAPE": 1.7595794200897217
    }
  ],
  "avg_mae": 0.8106,
  "avg_mape": 1.3939
}