{
  "ticker": "TXN",
  "task": "task1_3_k3",
  "k": 3,
  "horizon_metrics": [
    {
      "Day": 1,
      "MAE": 2.4907379150390625,
      "MAPE": 1.3727011680603027
    },
    {
      "Day": 2,
      "MAE": 3.517319679260254,
      "MAPE": 1.9420750141143799
    },
    {
      "Day": 3,
      "MAE": 4.393741607666016,
      "MAPE": 2.416499376296997
    }
  ],
  "avg_mae": 3.4673,
  "avg_mape": 1.9104
}