{
  "ticker": "APOG",
  "task": "task1_3_k3",
  "k": 3,
  "horizon_metrics": [
    {
      "Day": 1,
      "MAE": 0.7742115259170532,
      "MAPE": 1.5362679958343506
    },
    {
      "Day": 2,
      "MAE": 1.126157283782959,
      "MAPE": 2.240351438522339
    },
    {
      "Day": 3,
      "MAE": 1.3955897092819214,
      "MAPE": 2.7727017402648926
    }
  ],
  "avg_mae": 1.0987,
  "avg_mape": 2.1831
}