{
  "ticker": "CBSH",
  "task": "task1_3_k3",
  "k": 3,
  "horizon_metrics": [
    {
      "Day": 1,
      "MAE": 0.5922776460647583,
      "MAPE": 1.1512842178344727
    },
    {
      "Day": 2,
      "MAE": 0.8422821760177612,
      "MAPE": 1.636320948600769
    },
    {
      "Day": 3,
      "MAE": 1.0410068035125732,
      "MAPE": 2.023099660873413
    }
  ],
  "avg_mae": 0.8252,
  "avg_mape": 1.6036
}