{
  "ticker": "ALCO",
  "task": "task1_3_k3",
  "k": 3,
  "horizon_metrics": [
    {
      "Day": 1,
      "MAE": 0.38592401146888733,
      "MAPE": 1.3278135061264038
    },
    {
      "Day": 2,
      "MAE": 0.52935391664505,
      "MAPE": 1.8169611692428589
    },
    {
      "Day": 3,
      "MAE": 0.6532278060913086,
      "MAPE": 2.236344814300537
    }
  ],
  "avg_mae": 0.5228,
  "avg_mape": 1.7937
}