{
  "ticker": "UMBF",
  "task": "task1_3_k3",
  "k": 3,
  "horizon_metrics": [
    {
      "Day": 1,
      "MAE": 1.387438416481018,
      "MAPE": 1.5562106370925903
    },
    {
      "Day": 2,
      "MAE": 2.001436471939087,
      "MAPE": 2.228595733642578
    },
    {
      "Day": 3,
      "MAE": 2.4562270641326904,
      "MAPE": 2.7371671199798584
    }
  ],
  "avg_mae": 1.9484,
  "avg_mape": 2.174
}