{
  "ticker": "MARPS",
  "task": "task1_3_k3",
  "k": 3,
  "horizon_metrics": [
    {
      "Day": 1,
      "MAE": 0.11140221357345581,
      "MAPE": 2.283972978591919
    },
    {
      "Day": 2,
      "MAE": 0.14435943961143494,
      "MAPE": 2.9512035846710205
    },
    {
      "Day": 3,
      "MAE": 0.1739865243434906,
      "MAPE": 3.554518938064575
    }
  ],
  "avg_mae": 0.1432,
  "avg_mape": 2.9299
}