{
  "ticker": "SGC",
  "task": "task1_3_k3",
  "k": 3,
  "horizon_metrics": [
    {
      "Day": 1,
      "MAE": 0.25254034996032715,
      "MAPE": 2.0891823768615723
    },
    {
      "Day": 2,
      "MAE": 0.33785298466682434,
      "MAPE": 2.7991418838500977
    },
    {
      "Day": 3,
      "MAE": 0.4113743007183075,
      "MAPE": 3.432265281677246
    }
  ],
  "avg_mae": 0.3339,
  "avg_mape": 2.7735
}