{
  "ticker": "IDXX",
  "task": "task1_3_k3",
  "k": 3,
  "horizon_metrics": [
    {
      "Day": 1,
      "MAE": 7.0133562088012695,
      "MAPE": 1.353464126586914
    },
    {
      "Day": 2,
      "MAE": 10.231739044189453,
      "MAPE": 1.9653555154800415
    },
    {
      "Day": 3,
      "MAE": 12.83594036102295,
      "MAPE": 2.4672884941101074
    }
  ],
  "avg_mae": 10.027,
  "avg_mape": 1.9287
}