{
  "ticker": "HBAN",
  "task": "task1_3_k3",
  "k": 3,
  "horizon_metrics": [
    {
      "Day": 1,
      "MAE": 0.19310113787651062,
      "MAPE": 1.389230728149414
    },
    {
      "Day": 2,
      "MAE": 0.2817343771457672,
      "MAPE": 2.0229361057281494
    },
    {
      "Day": 3,
      "MAE": 0.3600503206253052,
      "MAPE": 2.5873310565948486
    }
  ],
  "avg_mae": 0.2783,
  "avg_mape": 1.9998
}