{
  "ticker": "FLXS",
  "task": "task1_3_k3",
  "k": 3,
  "horizon_metrics": [
    {
      "Day": 1,
      "MAE": 0.8245678544044495,
      "MAPE": 2.3351497650146484
    },
    {
      "Day": 2,
      "MAE": 1.1569907665252686,
      "MAPE": 3.2310631275177
    },
    {
      "Day": 3,
      "MAE": 1.4097799062728882,
      "MAPE": 3.919079542160034
    }
  ],
  "avg_mae": 1.1304,
  "avg_mape": 3.1618
}