{
  "ticker": "KLIC",
  "task": "task1_3_k3",
  "k": 3,
  "horizon_metrics": [
    {
      "Day": 1,
      "MAE": 0.8358854651451111,
      "MAPE": 1.7991727590560913
    },
    {
      "Day": 2,
      "MAE": 1.2025609016418457,
      "MAPE": 2.581160068511963
    },
    {
      "Day": 3,
      "MAE": 1.4520587921142578,
      "MAPE": 3.1212198734283447
    }
  ],
  "avg_mae": 1.1635,
  "avg_mape": 2.5005
}