{
  "ticker": "AMGN",
  "task": "task1_3_k3",
  "k": 3,
  "horizon_metrics": [
    {
      "Day": 1,
      "MAE": 3.271597385406494,
      "MAPE": 1.1235047578811646
    },
    {
      "Day": 2,
      "MAE": 4.718928813934326,
      "MAPE": 1.6188759803771973
    },
    {
      "Day": 3,
      "MAE": 5.841875076293945,
      "MAPE": 2.004476547241211
    }
  ],
  "avg_mae": 4.6108,
  "avg_mape": 1.5823
}