{
  "ticker": "CINF",
  "task": "task1_3_k3",
  "k": 3,
  "horizon_metrics": [
    {
      "Day": 1,
      "MAE": 1.3882066011428833,
      "MAPE": 1.068868637084961
    },
    {
      "Day": 2,
      "MAE": 1.9739595651626587,
      "MAPE": 1.5132485628128052
    },
    {
      "Day": 3,
      "MAE": 2.4136528968811035,
      "MAPE": 1.84952712059021
    }
  ],
  "avg_mae": 1.9253,
  "avg_mape": 1.4772
}