{
  "ticker": "INTC",
  "task": "task1_3_k3",
  "k": 3,
  "horizon_metrics": [
    {
      "Day": 1,
      "MAE": 0.732312798500061,
      "MAPE": 2.357022285461426
    },
    {
      "Day": 2,
      "MAE": 1.062459945678711,
      "MAPE": 3.418839454650879
    },
    {
      "Day": 3,
      "MAE": 1.2910687923431396,
      "MAPE": 4.183318614959717
    }
  ],
  "avg_mae": 1.0286,
  "avg_mape": 3.3197
}