{
  "ticker": "OTTR",
  "task": "task1_3_k3",
  "k": 3,
  "horizon_metrics": [
    {
      "Day": 1,
      "MAE": 0.9859296083450317,
      "MAPE": 1.2159417867660522
    },
    {
      "Day": 2,
      "MAE": 1.4450663328170776,
      "MAPE": 1.7835866212844849
    },
    {
      "Day": 3,
      "MAE": 1.7845981121063232,
      "MAPE": 2.201846122741699
    }
  ],
  "avg_mae": 1.4052,
  "avg_mape": 1.7338
}