{
  "ticker": "TRNS",
  "task": "task1_3_k3",
  "k": 3,
  "horizon_metrics": [
    {
      "Day": 1,
      "MAE": 1.7169297933578491,
      "MAPE": 1.8722964525222778
    },
    {
      "Day": 2,
      "MAE": 2.615791082382202,
      "MAPE": 2.844129800796509
    },
    {
      "Day": 3,
      "MAE": 3.285571575164795,
      "MAPE": 3.5740489959716797
    }
  ],
  "avg_mae": 2.5394,
  "avg_mape": 2.7635
}