{
  "ticker": "ATRO",
  "task": "task1_3_k3",
  "k": 3,
  "horizon_metrics": [
    {
      "Day": 1,
      "MAE": 0.5886220932006836,
      "MAPE": 2.108154773712158
    },
    {
      "Day": 2,
      "MAE": 0.8523033261299133,
      "MAPE": 3.0674984455108643
    },
    {
      "Day": 3,
      "MAE": 1.037970781326294,
      "MAPE": 3.778660774230957
    }
  ],
  "avg_mae": 0.8263,
  "avg_mape": 2.9848
}