{
  "ticker": "DIOD",
  "task": "task1_3_k3",
  "k": 3,
  "horizon_metrics": [
    {
      "Day": 1,
      "MAE": 1.3561903238296509,
      "MAPE": 2.0934741497039795
    },
    {
      "Day": 2,
      "MAE": 1.8882243633270264,
      "MAPE": 2.9305331707000732
    },
    {
      "Day": 3,
      "MAE": 2.3074331283569336,
      "MAPE": 3.5999372005462646
    }
  ],
  "avg_mae": 1.8506,
  "avg_mape": 2.8746
}