{
  "ticker": "MAT",
  "task": "task1_3_k3",
  "k": 3,
  "horizon_metrics": [
    {
      "Day": 1,
      "MAE": 0.28043538331985474,
      "MAPE": 1.50730299949646
    },
    {
      "Day": 2,
      "MAE": 0.40237271785736084,
      "MAPE": 2.1619250774383545
    },
    {
      "Day": 3,
      "MAE": 0.5049781203269958,
      "MAPE": 2.718564987182617
    }
  ],
  "avg_mae": 0.3959,
  "avg_mape": 2.1293
}