{
  "ticker": "AAPL",
  "task": "task1_3_k3",
  "k": 3,
  "horizon_metrics": [
    {
      "Day": 1,
      "MAE": 2.27022123336792,
      "MAPE": 1.0890171527862549
    },
    {
      "Day": 2,
      "MAE": 3.433603048324585,
      "MAPE": 1.6398122310638428
    },
    {
      "Day": 3,
      "MAE": 4.371372222900391,
      "MAPE": 2.0866858959198
    }
  ],
  "avg_mae": 3.3584,
  "avg_mape": 1.6052
}