{
  "ticker": "TRMK",
  "task": "task1_3_k3",
  "k": 3,
  "horizon_metrics": [
    {
      "Day": 1,
      "MAE": 0.41965508460998535,
      "MAPE": 1.3664814233779907
    },
    {
      "Day": 2,
      "MAE": 0.6094798445701599,
      "MAPE": 1.9679635763168335
    },
    {
      "Day": 3,
      "MAE": 0.7455528378486633,
      "MAPE": 2.4083261489868164
    }
  ],
  "avg_mae": 0.5916,
  "avg_mape": 1.9143
}