{
  "accuracy": [
    0.5713121891021729,
    0.5971684455871582,
    0.601460874080658,
    0.6040799617767334,
    0.6040654182434082,
    0.621278703212738,
    0.6235194802284241,
    0.6203183531761169,
    0.623679518699646,
    0.6251928210258484,
    0.6264732480049133,
    0.6273753643035889,
    0.628248393535614,
    0.6266623735427856,
    0.6283502578735352,
    0.6390303373336792,
    0.6408200860023499,
    0.642813503742218,
    0.6438029408454895,
    0.6434973478317261,
    0.6492011547088623,
    0.6515728831291199,
    0.6542502045631409,
    0.6540173888206482,
    0.655559778213501,
    0.6564909815788269,
    0.6565200686454773,
    0.6624130606651306,
    0.6632424592971802,
    0.6649594306945801,
    0.6643628478050232,
    0.6690626740455627,
    0.6706486344337463,
    0.6705759167671204,
    0.6705322861671448,
    0.6733259558677673,
    0.6741553544998169,
    0.6744608879089355
  ],
  "auc": [
    0.7862073183059692,
    0.8038629293441772,
    0.8044000864028931,
    0.8062776923179626,
    0.8062764406204224,
    0.8149898648262024,
    0.8160090446472168,
    0.8168781995773315,
    0.8171879649162292,
    0.8188081383705139,
    0.8198010921478271,
    0.8196290731430054,
    0.820344090461731,
    0.821515679359436,
    0.8216485381126404,
    0.8272436857223511,
    0.8278870582580566,
    0.829759955406189,
    0.8296236991882324,
    0.8302229642868042,
    0.8343333005905151,
    0.8354848623275757,
    0.8366448283195496,
    0.8366379737854004,
    0.8375099897384644,
    0.8378092646598816,
    0.8372512459754944,
    0.8405166864395142,
    0.8410851955413818,
    0.841978907585144,
    0.8423786163330078,
    0.8442332744598389,
    0.845098078250885,
    0.8457563519477844,
    0.8452674746513367,
    0.8462110757827759,
    0.8462871313095093,
    0.8470947742462158
  ],
  "loss": [
    0.06780333817005157,
    0.06088335067033768,
    0.06060099974274635,
    0.06049304082989693,
    0.06036887317895889,
    0.058635249733924866,
    0.05813701078295708,
    0.05814391374588013,
    0.057928599417209625,
    0.05765872076153755,
    0.057507213205099106,
    0.057485658675432205,
    0.05745028331875801,
    0.05736203491687775,
    0.057240478694438934,
    0.056292783468961716,
    0.055962417274713516,
    0.055648718029260635,
    0.05554100498557091,
    0.05553591623902321,
    0.05472550913691521,
    0.054554540663957596,
    0.05423232167959213,
    0.05426913499832153,
    0.054038822650909424,
    0.05394173786044121,
    0.053922295570373535,
    0.05327228829264641,
    0.05305333808064461,
    0.05294514819979668,
    0.0528034083545208,
    0.05242970958352089,
    0.05222292244434357,
    0.05210776627063751,
    0.052012547850608826,
    0.05192367732524872,
    0.051712557673454285,
    0.0516638308763504
  ],
  "val_accuracy": [
    0.5908978581428528,
    0.5924643278121948,
    0.5886718034744263,
    0.6055734157562256,
    0.5895786881446838,
    0.6331107020378113,
    0.6224750876426697,
    0.6232171058654785,
    0.6389644742012024,
    0.6228873133659363,
    0.6303899884223938,
    0.6284112334251404,
    0.633605420589447,
    0.6232995390892029,
    0.631709098815918,
    0.6479511857032776,
    0.64704430103302,
    0.6407783031463623,
    0.6435815095901489,
    0.6568554639816284,
    0.6617198586463928,
    0.6553714275360107,
    0.6595762372016907,
    0.6616374254226685,
    0.6599884629249573,
    0.6612251400947571,
    0.6665841937065125,
    0.6735097765922546,
    0.6717783808708191,
    0.6672437787055969,
    0.6743342280387878,
    0.6777145862579346,
    0.6744166612625122,
    0.6748289465904236,
    0.6759007573127747,
    0.6742517948150635,
    0.6757358312606812,
    0.6748289465904236
  ],
  "val_auc": [
    0.821316123008728,
    0.8243606090545654,
    0.8237400054931641,
    0.8224912881851196,
    0.8218111395835876,
    0.8302493095397949,
    0.8301195502281189,
    0.8295135498046875,
    0.8309134244918823,
    0.8304545283317566,
    0.8310803174972534,
    0.8321244716644287,
    0.8315879106521606,
    0.8313370943069458,
    0.8294054269790649,
    0.8348459601402283,
    0.8351766467094421,
    0.8341237902641296,
    0.8341054320335388,
    0.8348413109779358,
    0.8369904160499573,
    0.8359425067901611,
    0.8370440602302551,
    0.8377170562744141,
    0.837462306022644,
    0.8370358347892761,
    0.8377854228019714,
    0.8391050696372986,
    0.8390316963195801,
    0.8381523489952087,
    0.838586151599884,
    0.8396482467651367,
    0.8388769626617432,
    0.8392206430435181,
    0.8391184210777283,
    0.839374303817749,
    0.839346706867218,
    0.8394127488136292
  ],
  "val_loss": [
    0.19459934532642365,
    0.19419041275978088,
    0.1971503347158432,
    0.1907457411289215,
    0.19459539651870728,
    0.18674933910369873,
    0.18752767145633698,
    0.18602804839611053,
    0.1838710457086563,
    0.18718820810317993,
    0.18531650304794312,
    0.18529918789863586,
    0.18472349643707275,
    0.18821440637111664,
    0.18517892062664032,
    0.18070073425769806,
    0.1814345270395279,
    0.18474817276000977,
    0.18307457864284515,
    0.179045632481575,
    0.1771066039800644,
    0.17898309230804443,
    0.1796703338623047,
    0.17723411321640015,
    0.17629772424697876,
    0.17814534902572632,
    0.1769639253616333,
    0.1733885407447815,
    0.1741034984588623,
    0.1748206913471222,
    0.17373710870742798,
    0.17162293195724487,
    0.17190589010715485,
    0.17292846739292145,
    0.1727406531572342,
    0.17179210484027863,
    0.17179399728775024,
    0.17241843044757843
  ],
  "learning_rate": [
    0.0010000000474974513,
    0.0010000000474974513,
    0.0010000000474974513,
    0.0010000000474974513,
    0.0010000000474974513,
    0.0005000000237487257,
    0.0005000000237487257,
    0.0005000000237487257,
    0.0005000000237487257,
    0.0005000000237487257,
    0.0005000000237487257,
    0.0005000000237487257,
    0.0005000000237487257,
    0.0005000000237487257,
    0.0005000000237487257,
    0.0002500000118743628,
    0.0002500000118743628,
    0.0002500000118743628,
    0.0002500000118743628,
    0.0002500000118743628,
    0.0001250000059371814,
    0.0001250000059371814,
    0.0001250000059371814,
    0.0001250000059371814,
    0.0001250000059371814,
    0.0001250000059371814,
    0.0001250000059371814,
    6.25000029685907e-05,
    6.25000029685907e-05,
    6.25000029685907e-05,
    6.25000029685907e-05,
    3.125000148429535e-05,
    3.125000148429535e-05,
    3.125000148429535e-05,
    3.125000148429535e-05,
    1.5625000742147677e-05,
    1.5625000742147677e-05,
    1.5625000742147677e-05
  ]
}