{
  "accuracy": [
    0.5668597221374512,
    0.5931816101074219,
    0.594840407371521,
    0.5968629121780396,
    0.5981287956237793,
    0.60896897315979,
    0.6112242937088013,
    0.6115735173225403,
    0.6084596514701843,
    0.611369788646698,
    0.6125629544258118,
    0.6136396527290344,
    0.6146436333656311,
    0.6183103919029236,
    0.6175101399421692,
    0.6177428960800171,
    0.6213223338127136,
    0.6277245879173279,
    0.6279719471931458,
    0.6292815208435059,
    0.6301254034042358,
    0.6359456181526184,
    0.6382009983062744,
    0.6387393474578857,
    0.6427407264709473,
    0.6436137557029724,
    0.6446177363395691,
    0.6451416015625,
    0.6507144570350647,
    0.651602029800415,
    0.6534062623977661,
    0.6560108065605164,
    0.6558798551559448,
    0.6567820310592651,
    0.6565637588500977,
    0.6587754487991333,
    0.6622675657272339,
    0.6628641486167908,
    0.6655559539794922,
    0.6658470034599304
  ],
  "auc": [
    0.7707424163818359,
    0.7851271033287048,
    0.786819577217102,
    0.7894595265388489,
    0.7893486618995667,
    0.7982628345489502,
    0.8002833127975464,
    0.8005095720291138,
    0.8004428148269653,
    0.802355170249939,
    0.8020675182342529,
    0.8029218912124634,
    0.8034377098083496,
    0.8041247129440308,
    0.8038873672485352,
    0.8046135306358337,
    0.8053262233734131,
    0.811559796333313,
    0.8119098544120789,
    0.8133749961853027,
    0.8141685724258423,
    0.8177674412727356,
    0.8194063901901245,
    0.820968508720398,
    0.8209609389305115,
    0.8225906491279602,
    0.8233421444892883,
    0.8231572508811951,
    0.826676607131958,
    0.8271414041519165,
    0.8280876278877258,
    0.8294844627380371,
    0.8291711211204529,
    0.8303722143173218,
    0.8300138711929321,
    0.8313906192779541,
    0.8329539895057678,
    0.8336352109909058,
    0.8345690965652466,
    0.8347141146659851
  ],
  "loss": [
    0.07165980339050293,
    0.06531815975904465,
    0.06485408544540405,
    0.06453444808721542,
    0.06443772464990616,
    0.06282754242420197,
    0.0622861385345459,
    0.0621279813349247,
    0.06201107054948807,
    0.06188216432929039,
    0.06184912472963333,
    0.061706241220235825,
    0.061646945774555206,
    0.06151999905705452,
    0.06147770956158638,
    0.06150702014565468,
    0.06133747100830078,
    0.0603475496172905,
    0.06010385975241661,
    0.059875838458538055,
    0.059774864464998245,
    0.05903048813343048,
    0.05880323424935341,
    0.05867238715291023,
    0.058417800813913345,
    0.05827583372592926,
    0.05808740481734276,
    0.05798047035932541,
    0.0574851892888546,
    0.05732044205069542,
    0.057138510048389435,
    0.05683695524930954,
    0.05691206455230713,
    0.05678591504693031,
    0.05670057237148285,
    0.05644400045275688,
    0.056144047528505325,
    0.05601654574275017,
    0.05581647902727127,
    0.05566198751330376
  ],
  "val_accuracy": [
    0.5588259696960449,
    0.5646796822547913,
    0.5756451487541199,
    0.5582488179206848,
    0.5664935111999512,
    0.6006265878677368,
    0.5814164280891418,
    0.5882595181465149,
    0.5824058055877686,
    0.6017808318138123,
    0.5982356071472168,
    0.6023579835891724,
    0.6074696779251099,
    0.6053260564804077,
    0.6062330007553101,
    0.5967515707015991,
    0.6015335321426392,
    0.6228048205375671,
    0.6241239905357361,
    0.6280814409255981,
    0.6155495047569275,
    0.6274218559265137,
    0.6297304034233093,
    0.6298952698707581,
    0.6336878538131714,
    0.6275043487548828,
    0.6304724216461182,
    0.6308022141456604,
    0.6329458355903625,
    0.6360788345336914,
    0.6384697556495667,
    0.6363261342048645,
    0.6348420977592468,
    0.6411905288696289,
    0.6334404945373535,
    0.645147979259491,
    0.6440761685371399,
    0.6472916007041931,
    0.6464671492576599,
    0.6465495824813843
  ],
  "val_auc": [
    0.7947002053260803,
    0.7970622777938843,
    0.7922111749649048,
    0.7827238440513611,
    0.7804645895957947,
    0.7899825572967529,
    0.7877991199493408,
    0.7978487014770508,
    0.8017551898956299,
    0.795548677444458,
    0.7970776557922363,
    0.8051177263259888,
    0.8033517003059387,
    0.8057746887207031,
    0.8035688996315002,
    0.8050054311752319,
    0.8053293824195862,
    0.8134411573410034,
    0.8116576671600342,
    0.8122087717056274,
    0.810981273651123,
    0.813797116279602,
    0.8140754699707031,
    0.8148419260978699,
    0.8158996105194092,
    0.8156945705413818,
    0.8148614168167114,
    0.8147085905075073,
    0.8172094225883484,
    0.8174247145652771,
    0.8169224262237549,
    0.8178508281707764,
    0.8188329339027405,
    0.8185229301452637,
    0.8179503083229065,
    0.8183882236480713,
    0.8190900683403015,
    0.8190226554870605,
    0.8186861276626587,
    0.8187931776046753
  ],
  "val_loss": [
    0.2070547342300415,
    0.2037181705236435,
    0.20096859335899353,
    0.2055886685848236,
    0.20955608785152435,
    0.18913432955741882,
    0.19522346556186676,
    0.19469793140888214,
    0.1927432417869568,
    0.18776708841323853,
    0.18805105984210968,
    0.18592916429042816,
    0.18615123629570007,
    0.1857464462518692,
    0.18638867139816284,
    0.1898466944694519,
    0.18635819852352142,
    0.18174687027931213,
    0.18207180500030518,
    0.17887482047080994,
    0.18393917381763458,
    0.18068484961986542,
    0.18023107945919037,
    0.17950274050235748,
    0.17866221070289612,
    0.1799694448709488,
    0.18063324689865112,
    0.17977085709571838,
    0.17892256379127502,
    0.17777042090892792,
    0.17821678519248962,
    0.17867693305015564,
    0.1782626509666443,
    0.177554190158844,
    0.1786055862903595,
    0.17637673020362854,
    0.17645055055618286,
    0.17533375322818756,
    0.17519038915634155,
    0.1749487817287445
  ],
  "learning_rate": [
    0.0010000000474974513,
    0.0010000000474974513,
    0.0010000000474974513,
    0.0010000000474974513,
    0.0010000000474974513,
    0.0005000000237487257,
    0.0005000000237487257,
    0.0005000000237487257,
    0.0005000000237487257,
    0.0005000000237487257,
    0.0005000000237487257,
    0.0005000000237487257,
    0.0005000000237487257,
    0.0005000000237487257,
    0.0005000000237487257,
    0.0005000000237487257,
    0.0005000000237487257,
    0.0002500000118743628,
    0.0002500000118743628,
    0.0002500000118743628,
    0.0002500000118743628,
    0.0001250000059371814,
    0.0001250000059371814,
    0.0001250000059371814,
    0.0001250000059371814,
    0.0001250000059371814,
    0.0001250000059371814,
    0.0001250000059371814,
    6.25000029685907e-05,
    6.25000029685907e-05,
    6.25000029685907e-05,
    6.25000029685907e-05,
    6.25000029685907e-05,
    6.25000029685907e-05,
    6.25000029685907e-05,
    6.25000029685907e-05,
    3.125000148429535e-05,
    3.125000148429535e-05,
    3.125000148429535e-05,
    3.125000148429535e-05
  ]
}