{
  "ticker": "HELE",
  "task": "task1_3_k3",
  "k": 3,
  "horizon_metrics": [
    {
      "Day": 1,
      "MAE": 1.4034922122955322,
      "MAPE": 2.29608154296875
    },
    {
      "Day": 2,
      "MAE": 2.0881829261779785,
      "MAPE": 3.4143645763397217
    },
    {
      "Day": 3,
      "MAE": 2.6317148208618164,
      "MAPE": 4.323216915130615
    }
  ],
  "avg_mae": 2.0411,
  "avg_mape": 3.3446
}