{
  "ticker": "MLAB",
  "task": "task1_3_k3",
  "k": 3,
  "horizon_metrics": [
    {
      "Day": 1,
      "MAE": 2.6231048107147217,
      "MAPE": 2.4381988048553467
    },
    {
      "Day": 2,
      "MAE": 3.7162346839904785,
      "MAPE": 3.485441207885742
    },
    {
      "Day": 3,
      "MAE": 4.608648777008057,
      "MAPE": 4.3431077003479
    }
  ],
  "avg_mae": 3.6493,
  "avg_mape": 3.4222
}