{
  "ticker": "HOLX",
  "task": "task1_3_k3",
  "k": 3,
  "horizon_metrics": [
    {
      "Day": 1,
      "MAE": 0.6331176161766052,
      "MAPE": 0.8801702260971069
    },
    {
      "Day": 2,
      "MAE": 0.8959173560142517,
      "MAPE": 1.2486028671264648
    },
    {
      "Day": 3,
      "MAE": 1.0787193775177002,
      "MAPE": 1.5082118511199951
    }
  ],
  "avg_mae": 0.8693,
  "avg_mape": 1.2123
}