{
  "ticker": "ROST",
  "task": "task1_3_k3",
  "k": 3,
  "horizon_metrics": [
    {
      "Day": 1,
      "MAE": 1.397417664527893,
      "MAPE": 0.9993107318878174
    },
    {
      "Day": 2,
      "MAE": 2.044008731842041,
      "MAPE": 1.4612195491790771
    },
    {
      "Day": 3,
      "MAE": 2.494506597518921,
      "MAPE": 1.7826980352401733
    }
  ],
  "avg_mae": 1.9786,
  "avg_mape": 1.4144
}