{
  "ticker": "WDC",
  "task": "task1_3_k3",
  "k": 3,
  "horizon_metrics": [
    {
      "Day": 1,
      "MAE": 1.9150590896606445,
      "MAPE": 2.130953311920166
    },
    {
      "Day": 2,
      "MAE": 2.7182533740997314,
      "MAPE": 3.112529993057251
    },
    {
      "Day": 3,
      "MAE": 3.177568197250366,
      "MAPE": 3.854789972305298
    }
  ],
  "avg_mae": 2.6036,
  "avg_mape": 3.0328
}