{
  "ticker": "NEOG",
  "task": "task1_3_k3",
  "k": 3,
  "horizon_metrics": [
    {
      "Day": 1,
      "MAE": 0.2758781611919403,
      "MAPE": 2.2644762992858887
    },
    {
      "Day": 2,
      "MAE": 0.4005908966064453,
      "MAPE": 3.3186516761779785
    },
    {
      "Day": 3,
      "MAE": 0.5059412121772766,
      "MAPE": 4.191534519195557
    }
  ],
  "avg_mae": 0.3941,
  "avg_mape": 3.2582
}